decision_id,decision_name,readiness_state,predecessor_id,predecessor_name,dependency_type,dependency_strength,notes
DEC-01,Choose rebuild platform,Blocked,None,,None,,
DEC-02,Choose participant access mechanism,Blocked,DEC-01,Choose rebuild platform,Depends,Hard,Access options depend on platform capabilities
DEC-03,Decide video hosting dependency,Conditionally ready,DEC-01,Choose rebuild platform,Depends,Conditional,Keep-YouTube default is safe on any embedding-capable platform
DEC-04,Decide content transition timing,Not yet due,DEC-01,Choose rebuild platform,Depends,Soft,Migration deferred until after go-live
DEC-04,Decide content transition timing,Not yet due,DEC-03,Decide video hosting dependency,Depends,Soft,Transition approach depends on video location
DEC-05,Confirm budget hosting and domain,Blocked,DEC-01,Choose rebuild platform,Depends,Hard,Cost figures are platform-specific
DEC-06,Assign maintenance ownership,Needs confirmation,None,,None,,
DEC-07,Confirm Sep 11 date flexibility,Needs confirmation,None,,None,,
DEC-08,Decommission SharePoint,Not yet due,DEC-01,Choose rebuild platform,Depends,Hard,Cannot decommission until replacement is live
